,0
2096-01-01 12:00:00,102685.453125
2096-01-02 12:00:00,102692.3359375
2096-01-03 12:00:00,102824.3671875
2096-01-04 12:00:00,102555.53125
2096-01-05 12:00:00,102634.9921875
2096-01-06 12:00:00,102486.171875
2096-01-07 12:00:00,102340.9609375
2096-01-08 12:00:00,102327.484375
2096-01-09 12:00:00,102522.859375
2096-01-10 12:00:00,102516.625
2096-01-11 12:00:00,102569.578125
2096-01-12 12:00:00,102837.21875
2096-01-13 12:00:00,102814.234375
2096-01-14 12:00:00,102518.5078125
2096-01-15 12:00:00,102262.03125
2096-01-16 12:00:00,102575.375
2096-01-17 12:00:00,102754.7734375
2096-01-18 12:00:00,102414.625
2096-01-19 12:00:00,102301.078125
2096-01-20 12:00:00,102195.421875
2096-01-21 12:00:00,102098.4375
2096-01-22 12:00:00,102063.46875
2096-01-23 12:00:00,102114.375
2096-01-24 12:00:00,102017.0703125
2096-01-25 12:00:00,102078.9609375
2096-01-26 12:00:00,102105.9140625
2096-01-27 12:00:00,102171.953125
2096-01-28 12:00:00,101941.0859375
2096-01-29 12:00:00,101741.6953125
2096-01-30 12:00:00,101921.0234375
2096-01-31 12:00:00,101971.6796875
2096-02-01 12:00:00,101807.2890625
2096-02-02 12:00:00,101482.453125
2096-02-03 12:00:00,101446.0859375
2096-02-04 12:00:00,101510.0234375
2096-02-05 12:00:00,102313.2265625
2096-02-06 12:00:00,102743.53125
2096-02-07 12:00:00,102919.9921875
2096-02-08 12:00:00,102951.0390625
2096-02-09 12:00:00,102864.96875
2096-02-10 12:00:00,103010.578125
2096-02-11 12:00:00,103077.359375
2096-02-12 12:00:00,102933.546875
2096-02-13 12:00:00,102752.7421875
2096-02-14 12:00:00,102570.578125
2096-02-15 12:00:00,102638.5703125
2096-02-16 12:00:00,102872.0390625
2096-02-17 12:00:00,102599.453125
2096-02-18 12:00:00,102334.3515625
2096-02-19 12:00:00,102247.4140625
2096-02-20 12:00:00,102231.1015625
2096-02-21 12:00:00,101970.75
2096-02-22 12:00:00,101752.1796875
2096-02-23 12:00:00,101679.09375
2096-02-24 12:00:00,101934.015625
2096-02-25 12:00:00,102173.359375
2096-02-26 12:00:00,101970.21875
2096-02-27 12:00:00,101968.15625
2096-02-28 12:00:00,101952.3828125
2096-02-29 12:00:00,102153.2109375
2096-03-01 12:00:00,102236.4453125
2096-03-02 12:00:00,102125.6640625
2096-03-03 12:00:00,102196.390625
2096-03-04 12:00:00,102307.6171875
2096-03-05 12:00:00,102042.1328125
2096-03-06 12:00:00,101987.5234375
2096-03-07 12:00:00,102167.6484375
2096-03-08 12:00:00,102063.3125
2096-03-09 12:00:00,102029.109375
2096-03-10 12:00:00,102292.484375
2096-03-11 12:00:00,102370.8359375
2096-03-12 12:00:00,102103.3203125
2096-03-13 12:00:00,101893.2421875
2096-03-14 12:00:00,101853.140625
2096-03-15 12:00:00,101758.859375
2096-03-16 12:00:00,101603.71875
2096-03-17 12:00:00,101794.875
2096-03-18 12:00:00,102094.7109375
2096-03-19 12:00:00,102394.796875
2096-03-20 12:00:00,102406.3125
2096-03-21 12:00:00,102079.1015625
2096-03-22 12:00:00,101661.1015625
2096-03-23 12:00:00,101443.1875
2096-03-24 12:00:00,101243.90625
2096-03-25 12:00:00,101125.4609375
2096-03-26 12:00:00,101243.78125
2096-03-27 12:00:00,101428.015625
2096-03-28 12:00:00,101615.1953125
2096-03-29 12:00:00,101741.078125
2096-03-30 12:00:00,101773.078125
2096-03-31 12:00:00,101796.125
2096-04-01 12:00:00,101731.09375
2096-04-02 12:00:00,101504.5390625
2096-04-03 12:00:00,101131.921875
2096-04-04 12:00:00,100827.1796875
2096-04-05 12:00:00,100906.453125
2096-04-06 12:00:00,101132.2734375
2096-04-07 12:00:00,101450.7578125
2096-04-08 12:00:00,101930.3671875
2096-04-09 12:00:00,101954.859375
2096-04-10 12:00:00,101589.703125
2096-04-11 12:00:00,101248.375
2096-04-12 12:00:00,101250.65625
2096-04-13 12:00:00,101069.4765625
2096-04-14 12:00:00,100828.890625
2096-04-15 12:00:00,100754.0234375
2096-04-16 12:00:00,100791.171875
2096-04-17 12:00:00,101010.3828125
2096-04-18 12:00:00,101544.9609375
2096-04-19 12:00:00,101686.6015625
2096-04-20 12:00:00,101562.0859375
2096-04-21 12:00:00,101284.5234375
2096-04-22 12:00:00,101211.6328125
2096-04-23 12:00:00,101203.6953125
2096-04-24 12:00:00,101283.015625
2096-04-25 12:00:00,101165.4296875
2096-04-26 12:00:00,101136.6484375
2096-04-27 12:00:00,101200.59375
2096-04-28 12:00:00,101105.1171875
2096-04-29 12:00:00,101124.2421875
2096-04-30 12:00:00,101234.7265625
2096-05-01 12:00:00,101304.4921875
2096-05-02 12:00:00,101441.3515625
2096-05-03 12:00:00,101419.9375
2096-05-04 12:00:00,101326.9609375
2096-05-05 12:00:00,101268.0546875
2096-05-06 12:00:00,101236.1171875
2096-05-07 12:00:00,101228.3984375
2096-05-08 12:00:00,101253.1796875
2096-05-09 12:00:00,101354.046875
2096-05-10 12:00:00,101327.0234375
2096-05-11 12:00:00,101333.25
2096-05-12 12:00:00,101380.671875
2096-05-13 12:00:00,101471.6484375
2096-05-14 12:00:00,101306.9765625
2096-05-15 12:00:00,101095.1640625
2096-05-16 12:00:00,100928.78125
2096-05-17 12:00:00,100965.828125
2096-05-18 12:00:00,101059.875
2096-05-19 12:00:00,101041.8984375
2096-05-20 12:00:00,100874.0390625
2096-05-21 12:00:00,100835.5
2096-05-22 12:00:00,100990.9765625
2096-05-23 12:00:00,101096.2890625
2096-05-24 12:00:00,101032.46875
2096-05-25 12:00:00,100811.3515625
2096-05-26 12:00:00,100677.125
2096-05-27 12:00:00,100726.3984375
2096-05-28 12:00:00,100887.9375
2096-05-29 12:00:00,100987.015625
2096-05-30 12:00:00,101002.734375
2096-05-31 12:00:00,100984.5
2096-06-01 12:00:00,100870.3125
2096-06-02 12:00:00,100919.140625
2096-06-03 12:00:00,100869.2109375
2096-06-04 12:00:00,100759.2109375
2096-06-05 12:00:00,100801.9453125
2096-06-06 12:00:00,100830.984375
2096-06-07 12:00:00,100688.546875
2096-06-08 12:00:00,100437.296875
2096-06-09 12:00:00,100339.96875
2096-06-10 12:00:00,100225.7109375
2096-06-11 12:00:00,100228.609375
2096-06-12 12:00:00,100397.0
2096-06-13 12:00:00,100611.1328125
2096-06-14 12:00:00,100658.1328125
2096-06-15 12:00:00,100626.6953125
2096-06-16 12:00:00,100689.9296875
2096-06-17 12:00:00,100731.6171875
2096-06-18 12:00:00,100709.1640625
2096-06-19 12:00:00,100589.3203125
2096-06-20 12:00:00,100461.7421875
2096-06-21 12:00:00,100468.296875
2096-06-22 12:00:00,100528.2734375
2096-06-23 12:00:00,100704.5234375
2096-06-24 12:00:00,100613.3046875
2096-06-25 12:00:00,100377.59375
2096-06-26 12:00:00,100072.0078125
2096-06-27 12:00:00,99897.65625
2096-06-28 12:00:00,99930.09375
2096-06-29 12:00:00,100146.84375
2096-06-30 12:00:00,100121.625
2096-07-01 12:00:00,99954.0078125
2096-07-02 12:00:00,100089.3515625
2096-07-03 12:00:00,100410.7890625
2096-07-04 12:00:00,100319.9921875
2096-07-05 12:00:00,100039.9140625
2096-07-06 12:00:00,100182.265625
2096-07-07 12:00:00,100336.484375
2096-07-08 12:00:00,100499.4453125
2096-07-09 12:00:00,100579.328125
2096-07-10 12:00:00,100513.328125
2096-07-11 12:00:00,99228.3046875
2096-07-12 12:00:00,99857.59375
2096-07-13 12:00:00,100517.6171875
2096-07-14 12:00:00,100962.0078125
2096-07-15 12:00:00,100872.296875
2096-07-16 12:00:00,100486.1328125
2096-07-17 12:00:00,100375.3984375
2096-07-18 12:00:00,100608.1015625
2096-07-19 12:00:00,100493.515625
2096-07-20 12:00:00,100129.1640625
2096-07-21 12:00:00,99969.484375
2096-07-22 12:00:00,100457.5390625
2096-07-23 12:00:00,100650.671875
2096-07-24 12:00:00,100503.015625
2096-07-25 12:00:00,100211.0
2096-07-26 12:00:00,99935.875
2096-07-27 12:00:00,99828.7421875
2096-07-28 12:00:00,99090.8828125
2096-07-29 12:00:00,98789.140625
2096-07-30 12:00:00,99966.1484375
2096-07-31 12:00:00,100310.3515625
2096-08-01 12:00:00,100267.9375
2096-08-02 12:00:00,100033.3671875
2096-08-03 12:00:00,99860.3984375
2096-08-04 12:00:00,100213.71875
2096-08-05 12:00:00,100279.0
2096-08-06 12:00:00,100318.7109375
2096-08-07 12:00:00,100399.15625
2096-08-08 12:00:00,100521.3046875
2096-08-09 12:00:00,100556.671875
2096-08-10 12:00:00,100413.8671875
2096-08-11 12:00:00,100224.8203125
2096-08-12 12:00:00,100139.9765625
2096-08-13 12:00:00,100241.9140625
2096-08-14 12:00:00,100452.609375
2096-08-15 12:00:00,100562.40625
2096-08-16 12:00:00,100528.0390625
2096-08-17 12:00:00,100527.1328125
2096-08-18 12:00:00,100664.5390625
2096-08-19 12:00:00,100868.2734375
2096-08-20 12:00:00,101001.3671875
2096-08-21 12:00:00,100949.25
2096-08-22 12:00:00,100854.75
2096-08-23 12:00:00,100816.9765625
2096-08-24 12:00:00,100897.984375
2096-08-25 12:00:00,101018.3125
2096-08-26 12:00:00,101045.453125
2096-08-27 12:00:00,101040.6875
2096-08-28 12:00:00,100941.828125
2096-08-29 12:00:00,100802.8125
2096-08-30 12:00:00,100697.5859375
2096-08-31 12:00:00,100794.1640625
2096-09-01 12:00:00,100900.46875
2096-09-02 12:00:00,101102.8046875
2096-09-03 12:00:00,101320.125
2096-09-04 12:00:00,101408.7109375
2096-09-05 12:00:00,101399.2890625
2096-09-06 12:00:00,101459.5
2096-09-07 12:00:00,101390.75
2096-09-08 12:00:00,101193.09375
2096-09-09 12:00:00,101119.515625
2096-09-10 12:00:00,101092.7265625
2096-09-11 12:00:00,101067.3984375
2096-09-12 12:00:00,101065.5703125
2096-09-13 12:00:00,101035.4609375
2096-09-14 12:00:00,101105.5078125
2096-09-15 12:00:00,101207.3671875
2096-09-16 12:00:00,101366.6015625
2096-09-17 12:00:00,101475.390625
2096-09-18 12:00:00,101577.0859375
2096-09-19 12:00:00,101463.65625
2096-09-20 12:00:00,101446.8828125
2096-09-21 12:00:00,101639.53125
2096-09-22 12:00:00,101768.0078125
2096-09-23 12:00:00,101784.484375
2096-09-24 12:00:00,101717.7890625
2096-09-25 12:00:00,101608.671875
2096-09-26 12:00:00,101539.0390625
2096-09-27 12:00:00,101460.8046875
2096-09-28 12:00:00,101455.265625
2096-09-29 12:00:00,101522.7890625
2096-09-30 12:00:00,101606.203125
2096-10-01 12:00:00,101672.2734375
2096-10-02 12:00:00,101648.875
2096-10-03 12:00:00,101551.1171875
2096-10-04 12:00:00,101505.546875
2096-10-05 12:00:00,101548.625
2096-10-06 12:00:00,101406.1171875
2096-10-07 12:00:00,101210.984375
2096-10-08 12:00:00,101310.5703125
2096-10-09 12:00:00,101511.953125
2096-10-10 12:00:00,101682.8671875
2096-10-11 12:00:00,101850.9453125
2096-10-12 12:00:00,101816.7265625
2096-10-13 12:00:00,101669.84375
2096-10-14 12:00:00,101854.9921875
2096-10-15 12:00:00,102141.6953125
2096-10-16 12:00:00,102094.3671875
2096-10-17 12:00:00,101984.5546875
2096-10-18 12:00:00,101936.8203125
2096-10-19 12:00:00,101900.6640625
2096-10-20 12:00:00,101889.3828125
2096-10-21 12:00:00,101757.7109375
2096-10-22 12:00:00,101622.703125
2096-10-23 12:00:00,101620.2421875
2096-10-24 12:00:00,101753.1640625
2096-10-25 12:00:00,101860.40625
2096-10-26 12:00:00,101815.6484375
2096-10-27 12:00:00,101788.890625
2096-10-28 12:00:00,101623.2734375
2096-10-29 12:00:00,101280.65625
2096-10-30 12:00:00,101175.5703125
2096-10-31 12:00:00,101467.921875
2096-11-01 12:00:00,101670.375
2096-11-02 12:00:00,101776.90625
2096-11-03 12:00:00,101913.1015625
2096-11-04 12:00:00,101985.625
2096-11-05 12:00:00,101772.1328125
2096-11-06 12:00:00,101717.359375
2096-11-07 12:00:00,101762.1640625
2096-11-08 12:00:00,101856.34375
2096-11-09 12:00:00,102070.265625
2096-11-10 12:00:00,102191.78125
2096-11-11 12:00:00,102133.75
2096-11-12 12:00:00,102067.4921875
2096-11-13 12:00:00,102205.515625
2096-11-14 12:00:00,102087.2109375
2096-11-15 12:00:00,101964.859375
2096-11-16 12:00:00,101818.203125
2096-11-17 12:00:00,101972.953125
2096-11-18 12:00:00,102307.8359375
2096-11-19 12:00:00,102256.53125
2096-11-20 12:00:00,102293.3828125
2096-11-21 12:00:00,102393.1484375
2096-11-22 12:00:00,102293.5390625
2096-11-23 12:00:00,101928.296875
2096-11-24 12:00:00,101821.9453125
2096-11-25 12:00:00,101885.5625
2096-11-26 12:00:00,102223.703125
2096-11-27 12:00:00,102394.890625
2096-11-28 12:00:00,102405.21875
2096-11-29 12:00:00,102387.8828125
2096-11-30 12:00:00,102359.15625
2096-12-01 12:00:00,102504.4453125
2096-12-02 12:00:00,102615.515625
2096-12-03 12:00:00,102313.0625
2096-12-04 12:00:00,102088.9453125
2096-12-05 12:00:00,102348.578125
2096-12-06 12:00:00,102633.7421875
2096-12-07 12:00:00,102722.359375
2096-12-08 12:00:00,102792.296875
2096-12-09 12:00:00,102843.4453125
2096-12-10 12:00:00,102654.796875
2096-12-11 12:00:00,102369.6015625
2096-12-12 12:00:00,102008.59375
2096-12-13 12:00:00,101681.75
2096-12-14 12:00:00,101370.515625
2096-12-15 12:00:00,101779.328125
2096-12-16 12:00:00,102262.78125
2096-12-17 12:00:00,102261.7890625
2096-12-18 12:00:00,102370.8046875
2096-12-19 12:00:00,102609.375
2096-12-20 12:00:00,102745.5078125
2096-12-21 12:00:00,102635.7109375
2096-12-22 12:00:00,102599.171875
2096-12-23 12:00:00,102649.9375
2096-12-24 12:00:00,102563.4140625
2096-12-25 12:00:00,102424.015625
2096-12-26 12:00:00,102185.6015625
2096-12-27 12:00:00,102144.3984375
2096-12-28 12:00:00,102118.34375
2096-12-29 12:00:00,102023.390625
2096-12-30 12:00:00,101980.6171875
2096-12-31 12:00:00,101739.6484375
2097-01-01 12:00:00,101581.796875
2097-01-02 12:00:00,101644.4453125
2097-01-03 12:00:00,102052.828125
2097-01-04 12:00:00,102272.2421875
2097-01-05 12:00:00,101999.8515625
2097-01-06 12:00:00,101652.3359375
2097-01-07 12:00:00,101896.1328125
2097-01-08 12:00:00,103022.8203125
2097-01-09 12:00:00,103069.609375
2097-01-10 12:00:00,103279.4140625
2097-01-11 12:00:00,103030.34375
2097-01-12 12:00:00,102732.953125
2097-01-13 12:00:00,102780.703125
2097-01-14 12:00:00,102834.8828125
2097-01-15 12:00:00,102659.296875
2097-01-16 12:00:00,102687.390625
2097-01-17 12:00:00,102707.9140625
2097-01-18 12:00:00,102308.734375
2097-01-19 12:00:00,101902.3828125
2097-01-20 12:00:00,101868.7109375
2097-01-21 12:00:00,101908.875
2097-01-22 12:00:00,101861.9765625
2097-01-23 12:00:00,102037.25
2097-01-24 12:00:00,102253.765625
2097-01-25 12:00:00,102040.7265625
2097-01-26 12:00:00,101795.078125
2097-01-27 12:00:00,102176.0078125
2097-01-28 12:00:00,102175.875
2097-01-29 12:00:00,102426.484375
2097-01-30 12:00:00,102944.6875
2097-01-31 12:00:00,103261.7109375
2097-02-01 12:00:00,103013.734375
2097-02-02 12:00:00,102563.546875
2097-02-03 12:00:00,102368.2890625
2097-02-04 12:00:00,102680.6796875
2097-02-05 12:00:00,103122.6953125
2097-02-06 12:00:00,102954.046875
2097-02-07 12:00:00,102722.1640625
2097-02-08 12:00:00,102529.3359375
2097-02-09 12:00:00,102455.2890625
2097-02-10 12:00:00,102496.65625
2097-02-11 12:00:00,102458.65625
2097-02-12 12:00:00,102323.5234375
2097-02-13 12:00:00,102207.5859375
2097-02-14 12:00:00,102148.7890625
2097-02-15 12:00:00,102014.6640625
2097-02-16 12:00:00,101665.8828125
2097-02-17 12:00:00,101533.9140625
2097-02-18 12:00:00,101629.5625
2097-02-19 12:00:00,101592.8359375
2097-02-20 12:00:00,101405.8046875
2097-02-21 12:00:00,101583.09375
2097-02-22 12:00:00,101627.1875
2097-02-23 12:00:00,101713.796875
2097-02-24 12:00:00,101818.1015625
2097-02-25 12:00:00,101785.7421875
2097-02-26 12:00:00,101890.2109375
2097-02-27 12:00:00,102141.921875
2097-02-28 12:00:00,102404.9375
2097-03-01 12:00:00,102646.0390625
2097-03-02 12:00:00,102446.9453125
2097-03-03 12:00:00,102033.4453125
2097-03-04 12:00:00,101945.09375
2097-03-05 12:00:00,102149.3046875
2097-03-06 12:00:00,102203.59375
2097-03-07 12:00:00,102098.1484375
2097-03-08 12:00:00,101987.28125
2097-03-09 12:00:00,102000.1484375
2097-03-10 12:00:00,101993.609375
2097-03-11 12:00:00,102181.90625
2097-03-12 12:00:00,102457.6640625
2097-03-13 12:00:00,102704.15625
2097-03-14 12:00:00,102672.2578125
2097-03-15 12:00:00,102436.484375
2097-03-16 12:00:00,102344.484375
2097-03-17 12:00:00,102531.1171875
2097-03-18 12:00:00,102509.046875
2097-03-19 12:00:00,102423.8046875
2097-03-20 12:00:00,102368.421875
2097-03-21 12:00:00,102166.09375
2097-03-22 12:00:00,101920.7890625
2097-03-23 12:00:00,101658.125
2097-03-24 12:00:00,101588.7734375
2097-03-25 12:00:00,101636.4375
2097-03-26 12:00:00,101377.1015625
2097-03-27 12:00:00,101245.6875
2097-03-28 12:00:00,101137.5859375
2097-03-29 12:00:00,101105.890625
2097-03-30 12:00:00,101288.046875
2097-03-31 12:00:00,101589.75
2097-04-01 12:00:00,101711.953125
2097-04-02 12:00:00,101639.359375
2097-04-03 12:00:00,101612.578125
2097-04-04 12:00:00,101563.9921875
2097-04-05 12:00:00,101449.6953125
2097-04-06 12:00:00,101402.2109375
2097-04-07 12:00:00,101398.65625
2097-04-08 12:00:00,101463.5078125
2097-04-09 12:00:00,101384.6875
2097-04-10 12:00:00,101232.1484375
2097-04-11 12:00:00,101185.328125
2097-04-12 12:00:00,101416.7890625
2097-04-13 12:00:00,101742.8203125
2097-04-14 12:00:00,102295.2421875
2097-04-15 12:00:00,102042.28125
2097-04-16 12:00:00,102022.078125
2097-04-17 12:00:00,102003.046875
2097-04-18 12:00:00,101807.9140625
2097-04-19 12:00:00,101682.078125
2097-04-20 12:00:00,101645.421875
2097-04-21 12:00:00,101515.640625
2097-04-22 12:00:00,101333.1875
2097-04-23 12:00:00,101108.671875
2097-04-24 12:00:00,101298.3671875
2097-04-25 12:00:00,101770.9375
2097-04-26 12:00:00,101563.2578125
2097-04-27 12:00:00,101326.21875
2097-04-28 12:00:00,101387.8125
2097-04-29 12:00:00,101486.015625
2097-04-30 12:00:00,101487.796875
2097-05-01 12:00:00,101655.6171875
2097-05-02 12:00:00,101423.9609375
2097-05-03 12:00:00,101271.453125
2097-05-04 12:00:00,101343.3671875
2097-05-05 12:00:00,101311.984375
2097-05-06 12:00:00,101179.8125
2097-05-07 12:00:00,101049.5
2097-05-08 12:00:00,100972.7265625
2097-05-09 12:00:00,100867.421875
2097-05-10 12:00:00,100615.8515625
2097-05-11 12:00:00,100503.6484375
2097-05-12 12:00:00,100594.2578125
2097-05-13 12:00:00,101090.0234375
2097-05-14 12:00:00,101299.6171875
2097-05-15 12:00:00,101349.5703125
2097-05-16 12:00:00,101189.7734375
2097-05-17 12:00:00,100896.6796875
2097-05-18 12:00:00,100651.421875
2097-05-19 12:00:00,100613.328125
2097-05-20 12:00:00,100871.8984375
2097-05-21 12:00:00,101230.8046875
2097-05-22 12:00:00,101302.125
2097-05-23 12:00:00,101344.8359375
2097-05-24 12:00:00,101471.1953125
2097-05-25 12:00:00,101631.2109375
2097-05-26 12:00:00,101701.875
2097-05-27 12:00:00,101543.625
2097-05-28 12:00:00,101180.78125
2097-05-29 12:00:00,101060.140625
2097-05-30 12:00:00,101051.9765625
2097-05-31 12:00:00,100934.625
2097-06-01 12:00:00,100685.5703125
2097-06-02 12:00:00,100621.515625
2097-06-03 12:00:00,100800.640625
2097-06-04 12:00:00,100837.5703125
2097-06-05 12:00:00,100939.0546875
2097-06-06 12:00:00,101013.6796875
2097-06-07 12:00:00,101002.8828125
2097-06-08 12:00:00,100929.71875
2097-06-09 12:00:00,100903.53125
2097-06-10 12:00:00,100883.046875
2097-06-11 12:00:00,100831.1640625
2097-06-12 12:00:00,100790.0390625
2097-06-13 12:00:00,100693.5
2097-06-14 12:00:00,100563.9296875
2097-06-15 12:00:00,100456.9609375
2097-06-16 12:00:00,100264.625
2097-06-17 12:00:00,99988.6171875
2097-06-18 12:00:00,100118.3515625
2097-06-19 12:00:00,100394.1875
2097-06-20 12:00:00,100613.7265625
2097-06-21 12:00:00,100506.3046875
2097-06-22 12:00:00,100224.96875
2097-06-23 12:00:00,100147.2578125
2097-06-24 12:00:00,100133.5390625
2097-06-25 12:00:00,100120.734375
2097-06-26 12:00:00,100098.953125
2097-06-27 12:00:00,100383.375
2097-06-28 12:00:00,100379.5078125
2097-06-29 12:00:00,100524.7734375
2097-06-30 12:00:00,100680.265625
2097-07-01 12:00:00,100663.1875
2097-07-02 12:00:00,100444.6640625
2097-07-03 12:00:00,100198.1953125
2097-07-04 12:00:00,100116.3515625
2097-07-05 12:00:00,100241.4921875
2097-07-06 12:00:00,100370.875
2097-07-07 12:00:00,100418.8046875
2097-07-08 12:00:00,100233.8359375
2097-07-09 12:00:00,100227.6640625
2097-07-10 12:00:00,100448.8125
2097-07-11 12:00:00,100782.359375
2097-07-12 12:00:00,100995.7421875
2097-07-13 12:00:00,100910.703125
2097-07-14 12:00:00,100835.7734375
2097-07-15 12:00:00,100815.25
2097-07-16 12:00:00,100634.2109375
2097-07-17 12:00:00,100367.125
2097-07-18 12:00:00,100145.1328125
2097-07-19 12:00:00,100389.25
2097-07-20 12:00:00,100540.0
2097-07-21 12:00:00,100571.4453125
2097-07-22 12:00:00,100803.59375
2097-07-23 12:00:00,100857.8828125
2097-07-24 12:00:00,100786.1171875
2097-07-25 12:00:00,100784.171875
2097-07-26 12:00:00,100934.6171875
2097-07-27 12:00:00,101144.390625
2097-07-28 12:00:00,101151.46875
2097-07-29 12:00:00,101024.0390625
2097-07-30 12:00:00,100888.3984375
2097-07-31 12:00:00,100749.96875
2097-08-01 12:00:00,100296.234375
2097-08-02 12:00:00,99695.8359375
2097-08-03 12:00:00,99664.765625
2097-08-04 12:00:00,100168.6171875
2097-08-05 12:00:00,100480.4921875
2097-08-06 12:00:00,100418.09375
2097-08-07 12:00:00,100085.984375
2097-08-08 12:00:00,99833.7734375
2097-08-09 12:00:00,99837.7578125
2097-08-10 12:00:00,99769.90625
2097-08-11 12:00:00,99903.3984375
2097-08-12 12:00:00,100202.234375
2097-08-13 12:00:00,100505.71875
2097-08-14 12:00:00,100562.3828125
2097-08-15 12:00:00,100692.921875
2097-08-16 12:00:00,100805.5859375
2097-08-17 12:00:00,100841.96875
2097-08-18 12:00:00,100694.390625
2097-08-19 12:00:00,100555.484375
2097-08-20 12:00:00,100544.9765625
2097-08-21 12:00:00,100639.3203125
2097-08-22 12:00:00,100655.484375
2097-08-23 12:00:00,100569.15625
2097-08-24 12:00:00,100473.59375
2097-08-25 12:00:00,100615.2890625
2097-08-26 12:00:00,100706.6875
2097-08-27 12:00:00,100772.203125
2097-08-28 12:00:00,100761.125
2097-08-29 12:00:00,100689.71875
2097-08-30 12:00:00,100747.421875
2097-08-31 12:00:00,100835.90625
2097-09-01 12:00:00,100919.4765625
2097-09-02 12:00:00,100927.96875
2097-09-03 12:00:00,100737.6171875
2097-09-04 12:00:00,100598.609375
2097-09-05 12:00:00,100787.6171875
2097-09-06 12:00:00,100875.671875
2097-09-07 12:00:00,100786.234375
2097-09-08 12:00:00,100696.3671875
2097-09-09 12:00:00,100739.0390625
2097-09-10 12:00:00,100736.359375
2097-09-11 12:00:00,100131.03125
2097-09-12 12:00:00,99580.3984375
2097-09-13 12:00:00,100557.5859375
2097-09-14 12:00:00,100989.5859375
2097-09-15 12:00:00,101043.3828125
2097-09-16 12:00:00,101035.6796875
2097-09-17 12:00:00,101104.203125
2097-09-18 12:00:00,101069.671875
2097-09-19 12:00:00,101097.859375
2097-09-20 12:00:00,101116.28125
2097-09-21 12:00:00,101271.4453125
2097-09-22 12:00:00,101441.2109375
2097-09-23 12:00:00,101514.65625
2097-09-24 12:00:00,101497.5078125
2097-09-25 12:00:00,101473.3984375
2097-09-26 12:00:00,101531.2421875
2097-09-27 12:00:00,101709.625
2097-09-28 12:00:00,101796.8046875
2097-09-29 12:00:00,101762.2578125
2097-09-30 12:00:00,101771.1875
2097-10-01 12:00:00,101779.8515625
2097-10-02 12:00:00,101778.34375
2097-10-03 12:00:00,101854.25
2097-10-04 12:00:00,102042.3515625
2097-10-05 12:00:00,101972.65625
2097-10-06 12:00:00,101797.09375
2097-10-07 12:00:00,101856.5703125
2097-10-08 12:00:00,101871.796875
2097-10-09 12:00:00,101740.390625
2097-10-10 12:00:00,101588.3515625
2097-10-11 12:00:00,101601.421875
2097-10-12 12:00:00,101534.453125
2097-10-13 12:00:00,101405.703125
2097-10-14 12:00:00,101381.28125
2097-10-15 12:00:00,101326.8125
2097-10-16 12:00:00,100287.3828125
2097-10-17 12:00:00,100752.703125
2097-10-18 12:00:00,101431.5625
2097-10-19 12:00:00,101716.359375
2097-10-20 12:00:00,101780.3671875
2097-10-21 12:00:00,101749.6796875
2097-10-22 12:00:00,101526.5390625
2097-10-23 12:00:00,101494.5703125
2097-10-24 12:00:00,101851.984375
2097-10-25 12:00:00,101840.875
2097-10-26 12:00:00,101980.796875
2097-10-27 12:00:00,102100.671875
2097-10-28 12:00:00,102164.2734375
2097-10-29 12:00:00,102264.40625
2097-10-30 12:00:00,102167.8359375
2097-10-31 12:00:00,101939.6875
2097-11-01 12:00:00,101948.28125
2097-11-02 12:00:00,101999.546875
2097-11-03 12:00:00,101983.1171875
2097-11-04 12:00:00,102034.5859375
2097-11-05 12:00:00,102438.84375
2097-11-06 12:00:00,102432.3671875
2097-11-07 12:00:00,102258.484375
2097-11-08 12:00:00,101985.6640625
2097-11-09 12:00:00,101669.96875
2097-11-10 12:00:00,101468.2421875
2097-11-11 12:00:00,101673.84375
2097-11-12 12:00:00,101947.59375
2097-11-13 12:00:00,102236.78125
2097-11-14 12:00:00,102502.046875
2097-11-15 12:00:00,102527.875
2097-11-16 12:00:00,102377.8203125
2097-11-17 12:00:00,102333.2890625
2097-11-18 12:00:00,102201.046875
2097-11-19 12:00:00,102130.2265625
2097-11-20 12:00:00,101985.7890625
2097-11-21 12:00:00,101850.2578125
2097-11-22 12:00:00,102193.671875
2097-11-23 12:00:00,102588.625
2097-11-24 12:00:00,102488.8203125
2097-11-25 12:00:00,102207.65625
2097-11-26 12:00:00,102220.28125
2097-11-27 12:00:00,102384.6953125
2097-11-28 12:00:00,102522.7734375
2097-11-29 12:00:00,102723.234375
2097-11-30 12:00:00,102616.765625
2097-12-01 12:00:00,102634.9921875
2097-12-02 12:00:00,102455.8515625
2097-12-03 12:00:00,102160.6640625
2097-12-04 12:00:00,101842.9375
2097-12-05 12:00:00,101546.765625
2097-12-06 12:00:00,101359.0625
2097-12-07 12:00:00,101668.703125
2097-12-08 12:00:00,101899.96875
2097-12-09 12:00:00,101848.3984375
2097-12-10 12:00:00,101872.25
2097-12-11 12:00:00,102018.2265625
2097-12-12 12:00:00,101890.6484375
2097-12-13 12:00:00,101724.8984375
2097-12-14 12:00:00,101802.1015625
2097-12-15 12:00:00,101690.796875
2097-12-16 12:00:00,101466.578125
2097-12-17 12:00:00,101721.90625
2097-12-18 12:00:00,102426.1328125
2097-12-19 12:00:00,102736.2734375
2097-12-20 12:00:00,102310.0390625
2097-12-21 12:00:00,102661.515625
2097-12-22 12:00:00,103023.9296875
2097-12-23 12:00:00,102879.53125
2097-12-24 12:00:00,102636.3359375
2097-12-25 12:00:00,102487.140625
2097-12-26 12:00:00,102413.96875
2097-12-27 12:00:00,102591.828125
2097-12-28 12:00:00,102799.6484375
2097-12-29 12:00:00,103038.3515625
2097-12-30 12:00:00,103077.7578125
2097-12-31 12:00:00,102996.640625
2098-01-01 12:00:00,102799.078125
2098-01-02 12:00:00,102390.3828125
2098-01-03 12:00:00,102073.6328125
2098-01-04 12:00:00,101923.1171875
2098-01-05 12:00:00,101607.9140625
2098-01-06 12:00:00,101233.7578125
2098-01-07 12:00:00,101114.171875
2098-01-08 12:00:00,101746.3984375
2098-01-09 12:00:00,102123.8671875
2098-01-10 12:00:00,102348.5234375
2098-01-11 12:00:00,102398.03125
2098-01-12 12:00:00,102464.3046875
2098-01-13 12:00:00,102619.7265625
2098-01-14 12:00:00,102421.546875
2098-01-15 12:00:00,102314.796875
2098-01-16 12:00:00,102212.5546875
2098-01-17 12:00:00,101925.6015625
2098-01-18 12:00:00,101625.5234375
2098-01-19 12:00:00,101725.1640625
2098-01-20 12:00:00,101924.296875
2098-01-21 12:00:00,102148.40625
2098-01-22 12:00:00,102191.046875
2098-01-23 12:00:00,102429.828125
2098-01-24 12:00:00,102692.6640625
2098-01-25 12:00:00,102559.453125
2098-01-26 12:00:00,102361.3515625
2098-01-27 12:00:00,102300.1328125
2098-01-28 12:00:00,101979.6953125
2098-01-29 12:00:00,101945.15625
2098-01-30 12:00:00,102234.1484375
2098-01-31 12:00:00,102517.234375
2098-02-01 12:00:00,102660.453125
2098-02-02 12:00:00,102909.0390625
2098-02-03 12:00:00,102996.53125
2098-02-04 12:00:00,102667.671875
2098-02-05 12:00:00,102422.5234375
2098-02-06 12:00:00,102145.6484375
2098-02-07 12:00:00,102106.359375
2098-02-08 12:00:00,102318.65625
2098-02-09 12:00:00,102527.7109375
2098-02-10 12:00:00,102716.8359375
2098-02-11 12:00:00,102733.6484375
2098-02-12 12:00:00,102689.9375
2098-02-13 12:00:00,102564.3203125
2098-02-14 12:00:00,102217.515625
2098-02-15 12:00:00,102040.078125
2098-02-16 12:00:00,101982.671875
2098-02-17 12:00:00,101650.0859375
2098-02-18 12:00:00,101267.1015625
2098-02-19 12:00:00,101111.171875
2098-02-20 12:00:00,101323.359375
2098-02-21 12:00:00,101660.65625
2098-02-22 12:00:00,102029.171875
2098-02-23 12:00:00,102128.734375
2098-02-24 12:00:00,102258.265625
2098-02-25 12:00:00,102475.15625
2098-02-26 12:00:00,102606.234375
2098-02-27 12:00:00,102380.15625
2098-02-28 12:00:00,102319.4375
2098-03-01 12:00:00,102253.7109375
2098-03-02 12:00:00,102178.359375
2098-03-03 12:00:00,101913.3046875
2098-03-04 12:00:00,101896.6171875
2098-03-05 12:00:00,101868.109375
2098-03-06 12:00:00,101827.25
2098-03-07 12:00:00,102110.9140625
2098-03-08 12:00:00,102287.375
2098-03-09 12:00:00,102205.8046875
2098-03-10 12:00:00,102301.1171875
2098-03-11 12:00:00,102233.5625
2098-03-12 12:00:00,101722.5859375
2098-03-13 12:00:00,101160.1015625
2098-03-14 12:00:00,101394.703125
2098-03-15 12:00:00,101525.40625
2098-03-16 12:00:00,101814.46875
2098-03-17 12:00:00,102169.1015625
2098-03-18 12:00:00,102351.1953125
2098-03-19 12:00:00,102294.3671875
2098-03-20 12:00:00,102142.6953125
2098-03-21 12:00:00,102049.828125
2098-03-22 12:00:00,102215.484375
2098-03-23 12:00:00,102322.171875
2098-03-24 12:00:00,102229.34375
2098-03-25 12:00:00,101916.5546875
2098-03-26 12:00:00,101685.6015625
2098-03-27 12:00:00,101699.703125
2098-03-28 12:00:00,101845.2578125
2098-03-29 12:00:00,101715.9375
2098-03-30 12:00:00,101284.671875
2098-03-31 12:00:00,100893.875
2098-04-01 12:00:00,101068.828125
2098-04-02 12:00:00,101426.4609375
2098-04-03 12:00:00,101764.1953125
2098-04-04 12:00:00,101837.921875
2098-04-05 12:00:00,101713.8984375
2098-04-06 12:00:00,101711.5625
2098-04-07 12:00:00,101630.25
2098-04-08 12:00:00,101581.046875
2098-04-09 12:00:00,101509.15625
2098-04-10 12:00:00,101373.6953125
2098-04-11 12:00:00,101374.9921875
2098-04-12 12:00:00,101273.21875
2098-04-13 12:00:00,101219.8359375
2098-04-14 12:00:00,101416.4453125
2098-04-15 12:00:00,101503.21875
2098-04-16 12:00:00,101374.5625
2098-04-17 12:00:00,101246.3671875
2098-04-18 12:00:00,101310.4921875
2098-04-19 12:00:00,101340.3828125
2098-04-20 12:00:00,101389.6640625
2098-04-21 12:00:00,101557.984375
2098-04-22 12:00:00,101602.234375
2098-04-23 12:00:00,101506.7265625
2098-04-24 12:00:00,101520.71875
2098-04-25 12:00:00,101655.65625
2098-04-26 12:00:00,101690.1796875
2098-04-27 12:00:00,101878.375
2098-04-28 12:00:00,102109.46875
2098-04-29 12:00:00,101988.4296875
2098-04-30 12:00:00,101778.421875
2098-05-01 12:00:00,101706.75
2098-05-02 12:00:00,101659.5390625
2098-05-03 12:00:00,101582.671875
2098-05-04 12:00:00,101611.21875
2098-05-05 12:00:00,101677.6953125
2098-05-06 12:00:00,101631.828125
2098-05-07 12:00:00,101511.953125
2098-05-08 12:00:00,101457.265625
2098-05-09 12:00:00,101439.65625
2098-05-10 12:00:00,101264.640625
2098-05-11 12:00:00,101100.7265625
2098-05-12 12:00:00,101074.5234375
2098-05-13 12:00:00,101076.3828125
2098-05-14 12:00:00,101042.953125
2098-05-15 12:00:00,100881.6015625
2098-05-16 12:00:00,101011.71875
2098-05-17 12:00:00,101186.078125
2098-05-18 12:00:00,101260.546875
2098-05-19 12:00:00,101304.75
2098-05-20 12:00:00,101261.953125
2098-05-21 12:00:00,101238.5625
2098-05-22 12:00:00,101171.8359375
2098-05-23 12:00:00,100979.0
2098-05-24 12:00:00,100831.375
2098-05-25 12:00:00,100968.3515625
2098-05-26 12:00:00,101122.125
2098-05-27 12:00:00,101079.34375
2098-05-28 12:00:00,100882.7734375
2098-05-29 12:00:00,100866.5234375
2098-05-30 12:00:00,100880.9609375
2098-05-31 12:00:00,100932.75
2098-06-01 12:00:00,100835.9296875
2098-06-02 12:00:00,100685.203125
2098-06-03 12:00:00,100645.40625
2098-06-04 12:00:00,100824.921875
2098-06-05 12:00:00,100763.046875
2098-06-06 12:00:00,100321.296875
2098-06-07 12:00:00,100198.1484375
2098-06-08 12:00:00,100333.90625
2098-06-09 12:00:00,100429.9765625
2098-06-10 12:00:00,100326.1171875
2098-06-11 12:00:00,100191.5234375
2098-06-12 12:00:00,100293.0234375
2098-06-13 12:00:00,100597.265625
2098-06-14 12:00:00,100841.75
2098-06-15 12:00:00,100936.9296875
2098-06-16 12:00:00,100857.0390625
2098-06-17 12:00:00,100583.765625
2098-06-18 12:00:00,100306.6953125
2098-06-19 12:00:00,100261.859375
2098-06-20 12:00:00,100428.0859375
2098-06-21 12:00:00,100568.765625
2098-06-22 12:00:00,100729.28125
2098-06-23 12:00:00,100964.25
2098-06-24 12:00:00,101071.3515625
2098-06-25 12:00:00,101015.1953125
2098-06-26 12:00:00,100794.40625
2098-06-27 12:00:00,100679.90625
2098-06-28 12:00:00,100752.3359375
2098-06-29 12:00:00,100843.7265625
2098-06-30 12:00:00,100839.1953125
2098-07-01 12:00:00,100751.375
2098-07-02 12:00:00,100742.859375
2098-07-03 12:00:00,100667.9140625
2098-07-04 12:00:00,100531.7890625
2098-07-05 12:00:00,100552.1328125
2098-07-06 12:00:00,100552.6171875
2098-07-07 12:00:00,100397.390625
2098-07-08 12:00:00,100021.1796875
2098-07-09 12:00:00,99893.1328125
2098-07-10 12:00:00,99810.640625
2098-07-11 12:00:00,99823.640625
2098-07-12 12:00:00,99803.7265625
2098-07-13 12:00:00,99773.828125
2098-07-14 12:00:00,99905.96875
2098-07-15 12:00:00,100167.1640625
2098-07-16 12:00:00,100413.3671875
2098-07-17 12:00:00,100601.296875
2098-07-18 12:00:00,100664.7265625
2098-07-19 12:00:00,100623.2578125
2098-07-20 12:00:00,100553.6015625
2098-07-21 12:00:00,100500.03125
2098-07-22 12:00:00,100642.84375
2098-07-23 12:00:00,100809.7734375
2098-07-24 12:00:00,100787.46875
2098-07-25 12:00:00,100671.2890625
2098-07-26 12:00:00,100569.546875
2098-07-27 12:00:00,100586.8984375
2098-07-28 12:00:00,100641.796875
2098-07-29 12:00:00,100482.7578125
2098-07-30 12:00:00,100316.3984375
2098-07-31 12:00:00,100285.9609375
2098-08-01 12:00:00,100436.625
2098-08-02 12:00:00,100552.3203125
2098-08-03 12:00:00,100413.515625
2098-08-04 12:00:00,100248.484375
2098-08-05 12:00:00,100313.5078125
2098-08-06 12:00:00,100227.4609375
2098-08-07 12:00:00,100022.03125
2098-08-08 12:00:00,100275.15625
2098-08-09 12:00:00,100246.703125
2098-08-10 12:00:00,100107.8125
2098-08-11 12:00:00,100171.0546875
2098-08-12 12:00:00,100480.328125
2098-08-13 12:00:00,100790.3671875
2098-08-14 12:00:00,100848.0
2098-08-15 12:00:00,100649.8515625
2098-08-16 12:00:00,100427.1171875
2098-08-17 12:00:00,100481.71875
2098-08-18 12:00:00,100731.5
2098-08-19 12:00:00,100627.8515625
2098-08-20 12:00:00,100457.9453125
2098-08-21 12:00:00,100568.2421875
2098-08-22 12:00:00,100749.59375
2098-08-23 12:00:00,100796.578125
2098-08-24 12:00:00,100804.4140625
2098-08-25 12:00:00,100886.6484375
2098-08-26 12:00:00,100835.4921875
2098-08-27 12:00:00,100699.5859375
2098-08-28 12:00:00,100670.2734375
2098-08-29 12:00:00,100716.3515625
2098-08-30 12:00:00,100863.578125
2098-08-31 12:00:00,100993.5078125
2098-09-01 12:00:00,100979.96875
2098-09-02 12:00:00,100866.8125
2098-09-03 12:00:00,100734.5078125
2098-09-04 12:00:00,100763.015625
2098-09-05 12:00:00,100838.421875
2098-09-06 12:00:00,100747.5703125
2098-09-07 12:00:00,100685.3984375
2098-09-08 12:00:00,100603.5859375
2098-09-09 12:00:00,100622.1171875
2098-09-10 12:00:00,100587.4140625
2098-09-11 12:00:00,100565.0859375
2098-09-12 12:00:00,100619.6640625
2098-09-13 12:00:00,100697.9296875
2098-09-14 12:00:00,100756.0078125
2098-09-15 12:00:00,100812.578125
2098-09-16 12:00:00,100645.796875
2098-09-17 12:00:00,100451.1015625
2098-09-18 12:00:00,100663.59375
2098-09-19 12:00:00,100912.0078125
2098-09-20 12:00:00,100929.3359375
2098-09-21 12:00:00,100421.6953125
2098-09-22 12:00:00,99732.5625
2098-09-23 12:00:00,99875.21875
2098-09-24 12:00:00,100840.21875
2098-09-25 12:00:00,101035.21875
2098-09-26 12:00:00,101054.9921875
2098-09-27 12:00:00,101060.6484375
2098-09-28 12:00:00,101120.0078125
2098-09-29 12:00:00,101241.8359375
2098-09-30 12:00:00,101160.1875
2098-10-01 12:00:00,101150.640625
2098-10-02 12:00:00,101245.7578125
2098-10-03 12:00:00,101422.609375
2098-10-04 12:00:00,101454.296875
2098-10-05 12:00:00,101398.765625
2098-10-06 12:00:00,101604.1640625
2098-10-07 12:00:00,101834.921875
2098-10-08 12:00:00,101822.078125
2098-10-09 12:00:00,101591.8359375
2098-10-10 12:00:00,101315.3203125
2098-10-11 12:00:00,101481.1328125
2098-10-12 12:00:00,101639.2578125
2098-10-13 12:00:00,101687.9453125
2098-10-14 12:00:00,101845.2890625
2098-10-15 12:00:00,101910.78125
2098-10-16 12:00:00,102033.4765625
2098-10-17 12:00:00,102166.6953125
2098-10-18 12:00:00,102251.6875
2098-10-19 12:00:00,102208.4609375
2098-10-20 12:00:00,102264.6328125
2098-10-21 12:00:00,102177.4375
2098-10-22 12:00:00,101970.7109375
2098-10-23 12:00:00,101856.75
2098-10-24 12:00:00,101917.5625
2098-10-25 12:00:00,102018.796875
2098-10-26 12:00:00,102004.390625
2098-10-27 12:00:00,101879.875
2098-10-28 12:00:00,101801.046875
2098-10-29 12:00:00,101926.21875
2098-10-30 12:00:00,101816.578125
2098-10-31 12:00:00,101594.171875
2098-11-01 12:00:00,101530.71875
2098-11-02 12:00:00,101395.7734375
2098-11-03 12:00:00,101322.484375
2098-11-04 12:00:00,101322.46875
2098-11-05 12:00:00,101572.6953125
2098-11-06 12:00:00,101908.4453125
2098-11-07 12:00:00,102005.6796875
2098-11-08 12:00:00,102146.375
2098-11-09 12:00:00,102126.671875
2098-11-10 12:00:00,102141.5703125
2098-11-11 12:00:00,102223.7734375
2098-11-12 12:00:00,102267.359375
2098-11-13 12:00:00,102322.71875
2098-11-14 12:00:00,102297.0
2098-11-15 12:00:00,102073.0546875
2098-11-16 12:00:00,101953.375
2098-11-17 12:00:00,101805.015625
2098-11-18 12:00:00,101964.859375
2098-11-19 12:00:00,102169.9453125
2098-11-20 12:00:00,102038.25
2098-11-21 12:00:00,101886.2421875
2098-11-22 12:00:00,101988.3671875
2098-11-23 12:00:00,102122.859375
2098-11-24 12:00:00,102092.4921875
2098-11-25 12:00:00,101960.9296875
2098-11-26 12:00:00,101811.7109375
2098-11-27 12:00:00,102032.9921875
2098-11-28 12:00:00,102279.84375
2098-11-29 12:00:00,102238.2890625
2098-11-30 12:00:00,102065.8046875
2098-12-01 12:00:00,101749.1796875
2098-12-02 12:00:00,101541.953125
2098-12-03 12:00:00,101564.7890625
2098-12-04 12:00:00,101883.734375
2098-12-05 12:00:00,102129.4296875
2098-12-06 12:00:00,102060.6015625
2098-12-07 12:00:00,102095.8203125
2098-12-08 12:00:00,101939.5390625
2098-12-09 12:00:00,102196.1328125
2098-12-10 12:00:00,102074.5234375
2098-12-11 12:00:00,101792.234375
2098-12-12 12:00:00,101500.6484375
2098-12-13 12:00:00,101528.0859375
2098-12-14 12:00:00,101758.578125
2098-12-15 12:00:00,101743.9609375
2098-12-16 12:00:00,101476.34375
2098-12-17 12:00:00,101306.0
2098-12-18 12:00:00,101676.1953125
2098-12-19 12:00:00,101768.5
2098-12-20 12:00:00,101455.8046875
2098-12-21 12:00:00,101671.8828125
2098-12-22 12:00:00,101896.234375
2098-12-23 12:00:00,101796.8125
2098-12-24 12:00:00,102130.3046875
2098-12-25 12:00:00,102214.6015625
2098-12-26 12:00:00,102074.0625
2098-12-27 12:00:00,102036.0546875
2098-12-28 12:00:00,102083.2890625
2098-12-29 12:00:00,102242.8984375
2098-12-30 12:00:00,102243.515625
2098-12-31 12:00:00,102272.5078125
2099-01-01 12:00:00,102251.25
2099-01-02 12:00:00,102262.09375
2099-01-03 12:00:00,102470.2890625
2099-01-04 12:00:00,102396.0859375
2099-01-05 12:00:00,102252.96875
2099-01-06 12:00:00,102321.21875
2099-01-07 12:00:00,102261.7578125
2099-01-08 12:00:00,102153.4921875
2099-01-09 12:00:00,102464.53125
2099-01-10 12:00:00,102685.5625
2099-01-11 12:00:00,102945.546875
2099-01-12 12:00:00,103019.2109375
2099-01-13 12:00:00,102784.296875
2099-01-14 12:00:00,102409.328125
2099-01-15 12:00:00,102371.9609375
2099-01-16 12:00:00,102286.046875
2099-01-17 12:00:00,101770.46875
2099-01-18 12:00:00,101732.3671875
2099-01-19 12:00:00,102029.4375
2099-01-20 12:00:00,101998.578125
2099-01-21 12:00:00,102107.203125
2099-01-22 12:00:00,102267.203125
2099-01-23 12:00:00,102352.5703125
2099-01-24 12:00:00,102446.265625
2099-01-25 12:00:00,102543.515625
2099-01-26 12:00:00,102593.875
2099-01-27 12:00:00,102546.625
2099-01-28 12:00:00,102427.3359375
2099-01-29 12:00:00,102382.1328125
2099-01-30 12:00:00,102173.8984375
2099-01-31 12:00:00,102003.359375
2099-02-01 12:00:00,101890.5390625
2099-02-02 12:00:00,102070.5625
2099-02-03 12:00:00,102363.453125
2099-02-04 12:00:00,102380.7578125
2099-02-05 12:00:00,102186.2578125
2099-02-06 12:00:00,101807.6796875
2099-02-07 12:00:00,101575.96875
2099-02-08 12:00:00,101589.015625
2099-02-09 12:00:00,101477.0546875
2099-02-10 12:00:00,101405.234375
2099-02-11 12:00:00,101574.03125
2099-02-12 12:00:00,101913.5859375
2099-02-13 12:00:00,102554.1875
2099-02-14 12:00:00,102777.59375
2099-02-15 12:00:00,102676.3125
2099-02-16 12:00:00,102559.5546875
2099-02-17 12:00:00,102357.3203125
2099-02-18 12:00:00,102125.65625
2099-02-19 12:00:00,102043.0078125
2099-02-20 12:00:00,102049.9609375
2099-02-21 12:00:00,102282.1328125
2099-02-22 12:00:00,102362.09375
2099-02-23 12:00:00,102469.5625
2099-02-24 12:00:00,102505.078125
2099-02-25 12:00:00,102424.5703125
2099-02-26 12:00:00,102319.109375
2099-02-27 12:00:00,102374.96875
2099-02-28 12:00:00,102423.0390625
2099-03-01 12:00:00,102298.9609375
2099-03-02 12:00:00,102351.7890625
2099-03-03 12:00:00,102416.640625
2099-03-04 12:00:00,102344.09375
2099-03-05 12:00:00,102281.8125
2099-03-06 12:00:00,102025.71875
2099-03-07 12:00:00,101882.2578125
2099-03-08 12:00:00,101918.125
2099-03-09 12:00:00,101919.703125
2099-03-10 12:00:00,102030.765625
2099-03-11 12:00:00,102100.671875
2099-03-12 12:00:00,102120.5625
2099-03-13 12:00:00,101937.8125
2099-03-14 12:00:00,101814.625
2099-03-15 12:00:00,102138.796875
2099-03-16 12:00:00,102135.2734375
2099-03-17 12:00:00,102110.53125
2099-03-18 12:00:00,102123.546875
2099-03-19 12:00:00,101866.8828125
2099-03-20 12:00:00,101641.484375
2099-03-21 12:00:00,102033.8125
2099-03-22 12:00:00,101989.1640625
2099-03-23 12:00:00,101685.0625
2099-03-24 12:00:00,101593.578125
2099-03-25 12:00:00,101865.2890625
2099-03-26 12:00:00,101597.625
2099-03-27 12:00:00,101294.140625
2099-03-28 12:00:00,101235.8671875
2099-03-29 12:00:00,101148.578125
2099-03-30 12:00:00,100766.65625
2099-03-31 12:00:00,100681.4765625
2099-04-01 12:00:00,100884.140625
2099-04-02 12:00:00,101206.5859375
2099-04-03 12:00:00,101222.859375
2099-04-04 12:00:00,101236.5
2099-04-05 12:00:00,100967.921875
2099-04-06 12:00:00,100690.875
2099-04-07 12:00:00,100716.4140625
2099-04-08 12:00:00,101043.125
2099-04-09 12:00:00,101684.3203125
2099-04-10 12:00:00,101896.5859375
2099-04-11 12:00:00,102028.25
2099-04-12 12:00:00,102001.359375
2099-04-13 12:00:00,101900.6015625
2099-04-14 12:00:00,101806.453125
2099-04-15 12:00:00,101714.578125
2099-04-16 12:00:00,101577.9140625
2099-04-17 12:00:00,101294.4453125
2099-04-18 12:00:00,101148.75
2099-04-19 12:00:00,101017.8515625
2099-04-20 12:00:00,101048.5
2099-04-21 12:00:00,101235.6640625
2099-04-22 12:00:00,101536.8515625
2099-04-23 12:00:00,101703.109375
2099-04-24 12:00:00,101809.8046875
2099-04-25 12:00:00,101885.3515625
2099-04-26 12:00:00,101833.203125
2099-04-27 12:00:00,101705.8671875
2099-04-28 12:00:00,101789.4140625
2099-04-29 12:00:00,101738.84375
2099-04-30 12:00:00,101528.8359375
2099-05-01 12:00:00,101315.0
2099-05-02 12:00:00,101161.1953125
2099-05-03 12:00:00,101010.96875
2099-05-04 12:00:00,101153.6953125
2099-05-05 12:00:00,101347.265625
2099-05-06 12:00:00,101210.3515625
2099-05-07 12:00:00,101017.0234375
2099-05-08 12:00:00,101086.1875
2099-05-09 12:00:00,101180.1953125
2099-05-10 12:00:00,101019.9375
2099-05-11 12:00:00,100873.53125
2099-05-12 12:00:00,100866.9765625
2099-05-13 12:00:00,100835.3984375
2099-05-14 12:00:00,100866.6875
2099-05-15 12:00:00,100796.59375
2099-05-16 12:00:00,100686.4375
2099-05-17 12:00:00,100489.59375
2099-05-18 12:00:00,100343.421875
2099-05-19 12:00:00,100462.6015625
2099-05-20 12:00:00,100437.046875
2099-05-21 12:00:00,100303.4609375
2099-05-22 12:00:00,100436.21875
2099-05-23 12:00:00,100845.140625
2099-05-24 12:00:00,101045.7734375
2099-05-25 12:00:00,100996.6875
2099-05-26 12:00:00,100935.703125
2099-05-27 12:00:00,100835.484375
2099-05-28 12:00:00,100638.9609375
2099-05-29 12:00:00,100594.0546875
2099-05-30 12:00:00,100602.59375
2099-05-31 12:00:00,100458.4296875
2099-06-01 12:00:00,100441.828125
2099-06-02 12:00:00,100353.7265625
2099-06-03 12:00:00,100574.9609375
2099-06-04 12:00:00,100855.3046875
2099-06-05 12:00:00,100872.734375
2099-06-06 12:00:00,100801.953125
2099-06-07 12:00:00,100784.796875
2099-06-08 12:00:00,100645.5
2099-06-09 12:00:00,100469.6640625
2099-06-10 12:00:00,100497.3671875
2099-06-11 12:00:00,100584.328125
2099-06-12 12:00:00,100496.25
2099-06-13 12:00:00,100321.96875
2099-06-14 12:00:00,100365.6484375
2099-06-15 12:00:00,100349.96875
2099-06-16 12:00:00,100247.6171875
2099-06-17 12:00:00,100260.8203125
2099-06-18 12:00:00,100380.7578125
2099-06-19 12:00:00,100427.2109375
2099-06-20 12:00:00,100362.6015625
2099-06-21 12:00:00,100189.75
2099-06-22 12:00:00,100175.6328125
2099-06-23 12:00:00,100341.9921875
2099-06-24 12:00:00,100389.21875
2099-06-25 12:00:00,100424.1015625
2099-06-26 12:00:00,100463.9296875
2099-06-27 12:00:00,100690.7890625
2099-06-28 12:00:00,100650.2578125
2099-06-29 12:00:00,99834.7734375
2099-06-30 12:00:00,99856.203125
2099-07-01 12:00:00,100265.1171875
2099-07-02 12:00:00,100434.515625
2099-07-03 12:00:00,100530.140625
2099-07-04 12:00:00,100507.078125
2099-07-05 12:00:00,100369.3671875
2099-07-06 12:00:00,100286.5
2099-07-07 12:00:00,100301.40625
2099-07-08 12:00:00,100288.9609375
2099-07-09 12:00:00,100103.8359375
2099-07-10 12:00:00,100179.96875
2099-07-11 12:00:00,100343.5
2099-07-12 12:00:00,100402.1875
2099-07-13 12:00:00,100383.8359375
2099-07-14 12:00:00,100264.0390625
2099-07-15 12:00:00,99946.5078125
2099-07-16 12:00:00,100108.8515625
2099-07-17 12:00:00,100471.7265625
2099-07-18 12:00:00,100644.875
2099-07-19 12:00:00,100657.03125
2099-07-20 12:00:00,100656.8125
2099-07-21 12:00:00,100771.671875
2099-07-22 12:00:00,100951.5
2099-07-23 12:00:00,100968.5234375
2099-07-24 12:00:00,100816.609375
2099-07-25 12:00:00,100541.0
2099-07-26 12:00:00,100261.8203125
2099-07-27 12:00:00,100022.3671875
2099-07-28 12:00:00,99842.15625
2099-07-29 12:00:00,99795.21875
2099-07-30 12:00:00,100276.7578125
2099-07-31 12:00:00,100374.7265625
2099-08-01 12:00:00,100484.8203125
2099-08-02 12:00:00,100601.4140625
2099-08-03 12:00:00,100376.5703125
2099-08-04 12:00:00,100036.5703125
2099-08-05 12:00:00,99989.53125
2099-08-06 12:00:00,100246.6171875
2099-08-07 12:00:00,100431.59375
2099-08-08 12:00:00,100386.3125
2099-08-09 12:00:00,100384.7734375
2099-08-10 12:00:00,100511.234375
2099-08-11 12:00:00,100678.3203125
2099-08-12 12:00:00,100669.453125
2099-08-13 12:00:00,100403.5390625
2099-08-14 12:00:00,100036.125
2099-08-15 12:00:00,99833.625
2099-08-16 12:00:00,99808.8203125
2099-08-17 12:00:00,99856.75
2099-08-18 12:00:00,99985.6484375
2099-08-19 12:00:00,100092.3359375
2099-08-20 12:00:00,100192.3125
2099-08-21 12:00:00,100469.6796875
2099-08-22 12:00:00,100867.40625
2099-08-23 12:00:00,101106.4609375
2099-08-24 12:00:00,101107.984375
2099-08-25 12:00:00,100979.34375
2099-08-26 12:00:00,100979.984375
2099-08-27 12:00:00,101193.0234375
2099-08-28 12:00:00,101306.515625
2099-08-29 12:00:00,101102.078125
2099-08-30 12:00:00,100871.015625
2099-08-31 12:00:00,100923.2890625
2099-09-01 12:00:00,100973.8984375
2099-09-02 12:00:00,100965.96875
2099-09-03 12:00:00,101049.625
2099-09-04 12:00:00,101112.1328125
2099-09-05 12:00:00,101102.7109375
2099-09-06 12:00:00,101048.1953125
2099-09-07 12:00:00,101066.796875
2099-09-08 12:00:00,101199.65625
2099-09-09 12:00:00,101372.640625
2099-09-10 12:00:00,101443.8203125
2099-09-11 12:00:00,101177.875
2099-09-12 12:00:00,101055.203125
2099-09-13 12:00:00,101124.8984375
2099-09-14 12:00:00,101180.3984375
2099-09-15 12:00:00,101359.0625
2099-09-16 12:00:00,101334.109375
2099-09-17 12:00:00,101102.171875
2099-09-18 12:00:00,101080.7734375
2099-09-19 12:00:00,101064.5078125
2099-09-20 12:00:00,101033.3671875
2099-09-21 12:00:00,100978.1171875
2099-09-22 12:00:00,100821.515625
2099-09-23 12:00:00,100845.84375
2099-09-24 12:00:00,101022.9453125
2099-09-25 12:00:00,101246.46875
2099-09-26 12:00:00,101486.640625
2099-09-27 12:00:00,101594.875
2099-09-28 12:00:00,101596.6015625
2099-09-29 12:00:00,101672.265625
2099-09-30 12:00:00,101778.2265625
2099-10-01 12:00:00,101870.6796875
2099-10-02 12:00:00,101854.28125
2099-10-03 12:00:00,101801.4765625
2099-10-04 12:00:00,101858.5390625
2099-10-05 12:00:00,101913.3984375
2099-10-06 12:00:00,101864.9140625
2099-10-07 12:00:00,101759.359375
2099-10-08 12:00:00,101596.671875
2099-10-09 12:00:00,101571.78125
2099-10-10 12:00:00,101610.046875
2099-10-11 12:00:00,101607.734375
2099-10-12 12:00:00,101702.84375
2099-10-13 12:00:00,101898.8671875
2099-10-14 12:00:00,102126.9609375
2099-10-15 12:00:00,102216.4140625
2099-10-16 12:00:00,102099.890625
2099-10-17 12:00:00,101888.6328125
2099-10-18 12:00:00,101643.1015625
2099-10-19 12:00:00,101577.3828125
2099-10-20 12:00:00,101717.9453125
2099-10-21 12:00:00,101824.703125
2099-10-22 12:00:00,101841.328125
2099-10-23 12:00:00,101675.0859375
2099-10-24 12:00:00,101768.171875
2099-10-25 12:00:00,101797.5390625
2099-10-26 12:00:00,101601.2421875
2099-10-27 12:00:00,101459.5859375
2099-10-28 12:00:00,101579.15625
2099-10-29 12:00:00,101622.921875
2099-10-30 12:00:00,101655.2890625
2099-10-31 12:00:00,101901.234375
2099-11-01 12:00:00,101955.515625
2099-11-02 12:00:00,101971.03125
2099-11-03 12:00:00,101821.0
2099-11-04 12:00:00,102004.3046875
2099-11-05 12:00:00,102340.078125
2099-11-06 12:00:00,102540.2734375
2099-11-07 12:00:00,102426.1328125
2099-11-08 12:00:00,102190.015625
2099-11-09 12:00:00,101966.5
2099-11-10 12:00:00,101945.46875
2099-11-11 12:00:00,101859.328125
2099-11-12 12:00:00,101811.6953125
2099-11-13 12:00:00,101758.828125
2099-11-14 12:00:00,101739.8515625
2099-11-15 12:00:00,101788.65625
2099-11-16 12:00:00,102037.6796875
2099-11-17 12:00:00,102237.5859375
2099-11-18 12:00:00,102236.203125
2099-11-19 12:00:00,102246.7734375
2099-11-20 12:00:00,102076.203125
2099-11-21 12:00:00,102001.1484375
2099-11-22 12:00:00,102173.2109375
2099-11-23 12:00:00,102432.328125
2099-11-24 12:00:00,102440.9140625
2099-11-25 12:00:00,102138.2890625
2099-11-26 12:00:00,101885.2421875
2099-11-27 12:00:00,101776.484375
2099-11-28 12:00:00,101586.0546875
2099-11-29 12:00:00,101672.2265625
2099-11-30 12:00:00,102047.6484375
2099-12-01 12:00:00,102313.0703125
2099-12-02 12:00:00,102218.125
2099-12-03 12:00:00,101972.7109375
2099-12-04 12:00:00,101941.4296875
2099-12-05 12:00:00,101780.28125
2099-12-06 12:00:00,101485.34375
2099-12-07 12:00:00,101436.609375
2099-12-08 12:00:00,101520.890625
2099-12-09 12:00:00,101883.2109375
2099-12-10 12:00:00,101966.0546875
2099-12-11 12:00:00,102244.859375
2099-12-12 12:00:00,102274.234375
2099-12-13 12:00:00,101755.375
2099-12-14 12:00:00,101500.109375
2099-12-15 12:00:00,101642.5390625
2099-12-16 12:00:00,102115.59375
2099-12-17 12:00:00,102493.875
2099-12-18 12:00:00,102528.71875
2099-12-19 12:00:00,102315.2734375
2099-12-20 12:00:00,102092.96875
2099-12-21 12:00:00,102069.7890625
2099-12-22 12:00:00,102170.7890625
2099-12-23 12:00:00,102259.7890625
2099-12-24 12:00:00,102486.6015625
2099-12-25 12:00:00,102662.109375
2099-12-26 12:00:00,102645.375
2099-12-27 12:00:00,102579.546875
2099-12-28 12:00:00,102439.9296875
2099-12-29 12:00:00,102340.1171875
2099-12-30 12:00:00,102393.7265625
2099-12-31 12:00:00,102062.96875
2100-01-01 12:00:00,101877.84375
2100-01-02 12:00:00,102165.3828125
2100-01-03 12:00:00,102436.875
2100-01-04 12:00:00,102587.9375
2100-01-05 12:00:00,102542.515625
2100-01-06 12:00:00,102493.1171875
2100-01-07 12:00:00,102439.234375
2100-01-08 12:00:00,102506.34375
2100-01-09 12:00:00,102405.4609375
2100-01-10 12:00:00,102263.28125
2100-01-11 12:00:00,102244.265625
2100-01-12 12:00:00,102723.6328125
2100-01-13 12:00:00,102696.8515625
2100-01-14 12:00:00,102510.8671875
2100-01-15 12:00:00,102962.6796875
2100-01-16 12:00:00,103260.2734375
2100-01-17 12:00:00,103350.5859375
2100-01-18 12:00:00,103128.9140625
2100-01-19 12:00:00,102966.2734375
2100-01-20 12:00:00,102982.1484375
2100-01-21 12:00:00,103006.265625
2100-01-22 12:00:00,102603.6796875
2100-01-23 12:00:00,102892.34375
2100-01-24 12:00:00,102796.171875
2100-01-25 12:00:00,102707.453125
2100-01-26 12:00:00,102600.0703125
2100-01-27 12:00:00,102522.4375
2100-01-28 12:00:00,102704.703125
2100-01-29 12:00:00,102710.65625
2100-01-30 12:00:00,102742.125
2100-01-31 12:00:00,102724.046875
2100-02-01 12:00:00,102749.1484375
2100-02-02 12:00:00,102640.703125
2100-02-03 12:00:00,102593.9453125
2100-02-04 12:00:00,102622.4609375
2100-02-05 12:00:00,102752.1015625
2100-02-06 12:00:00,102887.734375
2100-02-07 12:00:00,102839.2890625
2100-02-08 12:00:00,102625.125
2100-02-09 12:00:00,102427.6484375
2100-02-10 12:00:00,102199.9921875
2100-02-11 12:00:00,101990.921875
2100-02-12 12:00:00,101958.3984375
2100-02-13 12:00:00,101928.0625
2100-02-14 12:00:00,102195.4375
2100-02-15 12:00:00,102341.2421875
2100-02-16 12:00:00,102327.0
2100-02-17 12:00:00,102206.5625
2100-02-18 12:00:00,102128.5625
2100-02-19 12:00:00,102157.8828125
2100-02-20 12:00:00,102249.2109375
2100-02-21 12:00:00,102309.0625
2100-02-22 12:00:00,102304.9375
2100-02-23 12:00:00,102194.3125
2100-02-24 12:00:00,102082.7890625
2100-02-25 12:00:00,101961.046875
2100-02-26 12:00:00,102008.9296875
2100-02-27 12:00:00,101998.2421875
2100-02-28 12:00:00,102000.890625
2100-03-01 12:00:00,102085.3984375
2100-03-02 12:00:00,102438.546875
2100-03-03 12:00:00,102536.390625
2100-03-04 12:00:00,102468.4609375
2100-03-05 12:00:00,102400.6484375
2100-03-06 12:00:00,102072.1171875
2100-03-07 12:00:00,101838.734375
2100-03-08 12:00:00,101651.0625
2100-03-09 12:00:00,101351.3671875
2100-03-10 12:00:00,101610.421875
2100-03-11 12:00:00,101942.65625
2100-03-12 12:00:00,101777.5859375
2100-03-13 12:00:00,101623.8984375
2100-03-14 12:00:00,101738.765625
2100-03-15 12:00:00,101660.7421875
2100-03-16 12:00:00,101550.1484375
2100-03-17 12:00:00,101421.0546875
2100-03-18 12:00:00,101217.6015625
2100-03-19 12:00:00,101055.59375
2100-03-20 12:00:00,100982.7734375
2100-03-21 12:00:00,101221.6953125
2100-03-22 12:00:00,101168.5859375
2100-03-23 12:00:00,101208.4609375
2100-03-24 12:00:00,101125.984375
2100-03-25 12:00:00,101345.09375
2100-03-26 12:00:00,101439.1640625
2100-03-27 12:00:00,101134.3671875
2100-03-28 12:00:00,101047.3515625
2100-03-29 12:00:00,100981.09375
2100-03-30 12:00:00,101125.3984375
2100-03-31 12:00:00,101250.875
2100-04-01 12:00:00,101314.3203125
2100-04-02 12:00:00,101373.4609375
2100-04-03 12:00:00,101533.4140625
2100-04-04 12:00:00,101690.3125
2100-04-05 12:00:00,101692.1015625
2100-04-06 12:00:00,101668.53125
2100-04-07 12:00:00,101415.7265625
2100-04-08 12:00:00,101233.421875
2100-04-09 12:00:00,101166.5234375
2100-04-10 12:00:00,101184.671875
2100-04-11 12:00:00,101377.546875
2100-04-12 12:00:00,101253.6328125
2100-04-13 12:00:00,101326.1171875
2100-04-14 12:00:00,101355.328125
2100-04-15 12:00:00,100988.234375
2100-04-16 12:00:00,100663.7578125
2100-04-17 12:00:00,100950.515625
2100-04-18 12:00:00,101145.7109375
2100-04-19 12:00:00,101247.6328125
2100-04-20 12:00:00,101471.8984375
2100-04-21 12:00:00,101526.2421875
2100-04-22 12:00:00,101610.046875
2100-04-23 12:00:00,101677.9375
2100-04-24 12:00:00,101561.03125
2100-04-25 12:00:00,101465.4296875
2100-04-26 12:00:00,101320.125
2100-04-27 12:00:00,101158.640625
2100-04-28 12:00:00,101200.3671875
2100-04-29 12:00:00,101252.09375
2100-04-30 12:00:00,101149.4609375
2100-05-01 12:00:00,100981.8046875
2100-05-02 12:00:00,100949.8828125
2100-05-03 12:00:00,100892.8125
2100-05-04 12:00:00,100792.921875
2100-05-05 12:00:00,100735.2890625
2100-05-06 12:00:00,100754.46875
2100-05-07 12:00:00,100978.4765625
2100-05-08 12:00:00,101357.6953125
2100-05-09 12:00:00,101436.203125
2100-05-10 12:00:00,101174.078125
2100-05-11 12:00:00,101160.1484375
2100-05-12 12:00:00,101301.9375
2100-05-13 12:00:00,101284.359375
2100-05-14 12:00:00,101246.7265625
2100-05-15 12:00:00,101148.6484375
2100-05-16 12:00:00,101107.75
2100-05-17 12:00:00,101165.6796875
2100-05-18 12:00:00,101257.65625
2100-05-19 12:00:00,101115.7109375
2100-05-20 12:00:00,100978.828125
2100-05-21 12:00:00,101038.7890625
2100-05-22 12:00:00,101142.140625
2100-05-23 12:00:00,101101.578125
2100-05-24 12:00:00,100930.2890625
2100-05-25 12:00:00,100901.3515625
2100-05-26 12:00:00,100952.3671875
2100-05-27 12:00:00,101007.4140625
2100-05-28 12:00:00,100964.3515625
2100-05-29 12:00:00,100947.3984375
2100-05-30 12:00:00,101019.3671875
2100-05-31 12:00:00,101000.796875
2100-06-01 12:00:00,100651.4375
2100-06-02 12:00:00,100477.3671875
2100-06-03 12:00:00,100613.1015625
2100-06-04 12:00:00,100878.3515625
2100-06-05 12:00:00,100953.1875
2100-06-06 12:00:00,100868.0703125
2100-06-07 12:00:00,100690.84375
2100-06-08 12:00:00,100759.0703125
2100-06-09 12:00:00,101003.7109375
2100-06-10 12:00:00,100917.5546875
2100-06-11 12:00:00,100752.3046875
2100-06-12 12:00:00,100791.9296875
2100-06-13 12:00:00,100863.875
2100-06-14 12:00:00,100666.3359375
2100-06-15 12:00:00,100453.65625
2100-06-16 12:00:00,100365.1171875
2100-06-17 12:00:00,100332.96875
2100-06-18 12:00:00,100406.734375
2100-06-19 12:00:00,100427.296875
2100-06-20 12:00:00,100226.3984375
2100-06-21 12:00:00,100083.1875
2100-06-22 12:00:00,100057.109375
2100-06-23 12:00:00,100075.828125
2100-06-24 12:00:00,100023.8125
2100-06-25 12:00:00,100064.6640625
2100-06-26 12:00:00,100206.3125
2100-06-27 12:00:00,100323.59375
2100-06-28 12:00:00,100570.4453125
2100-06-29 12:00:00,100682.8359375
2100-06-30 12:00:00,100645.5625
2100-07-01 12:00:00,100494.0625
2100-07-02 12:00:00,100303.734375
2100-07-03 12:00:00,100238.578125
2100-07-04 12:00:00,100476.3046875
2100-07-05 12:00:00,100673.8125
2100-07-06 12:00:00,100633.6484375
2100-07-07 12:00:00,100581.578125
2100-07-08 12:00:00,100399.96875
2100-07-09 12:00:00,100018.9453125
2100-07-10 12:00:00,99981.0859375
2100-07-11 12:00:00,100052.0546875
2100-07-12 12:00:00,100231.859375
2100-07-13 12:00:00,100198.03125
2100-07-14 12:00:00,100126.0078125
2100-07-15 12:00:00,100142.453125
2100-07-16 12:00:00,100329.4453125
2100-07-17 12:00:00,100609.140625
2100-07-18 12:00:00,100720.546875
2100-07-19 12:00:00,100772.0078125
2100-07-20 12:00:00,100724.6640625
2100-07-21 12:00:00,100850.984375
2100-07-22 12:00:00,100952.484375
2100-07-23 12:00:00,100908.9609375
2100-07-24 12:00:00,100787.5625
2100-07-25 12:00:00,100550.421875
2100-07-26 12:00:00,100525.125
2100-07-27 12:00:00,100437.3515625
2100-07-28 12:00:00,100216.515625
2100-07-29 12:00:00,100136.875
2100-07-30 12:00:00,100125.7890625
2100-07-31 12:00:00,100163.578125
2100-08-01 12:00:00,100361.5078125
2100-08-02 12:00:00,100267.671875
2100-08-03 12:00:00,100148.1875
2100-08-04 12:00:00,100275.6640625
2100-08-05 12:00:00,100193.1015625
2100-08-06 12:00:00,99671.0078125
2100-08-07 12:00:00,98662.9375
2100-08-08 12:00:00,99424.671875
2100-08-09 12:00:00,100063.9453125
2100-08-10 12:00:00,100321.0078125
2100-08-11 12:00:00,100372.453125
2100-08-12 12:00:00,100519.375
2100-08-13 12:00:00,100720.1640625
2100-08-14 12:00:00,100743.515625
2100-08-15 12:00:00,100607.0859375
2100-08-16 12:00:00,100436.1484375
2100-08-17 12:00:00,100349.5859375
2100-08-18 12:00:00,100324.2109375
2100-08-19 12:00:00,100348.2109375
2100-08-20 12:00:00,100318.875
2100-08-21 12:00:00,100348.234375
2100-08-22 12:00:00,100446.828125
2100-08-23 12:00:00,100483.3203125
2100-08-24 12:00:00,100521.3671875
2100-08-25 12:00:00,100413.8046875
2100-08-26 12:00:00,100348.1484375
2100-08-27 12:00:00,100431.40625
2100-08-28 12:00:00,100558.34375
2100-08-29 12:00:00,100648.46875
2100-08-30 12:00:00,100841.9140625
2100-08-31 12:00:00,100975.0234375
2100-09-01 12:00:00,100824.640625
2100-09-02 12:00:00,100739.2109375
2100-09-03 12:00:00,100882.2109375
2100-09-04 12:00:00,101099.4140625
2100-09-05 12:00:00,101192.96875
2100-09-06 12:00:00,101072.640625
2100-09-07 12:00:00,101025.171875
2100-09-08 12:00:00,101105.65625
2100-09-09 12:00:00,101164.25
2100-09-10 12:00:00,101156.8359375
2100-09-11 12:00:00,101198.1640625
2100-09-12 12:00:00,101198.859375
2100-09-13 12:00:00,101088.140625
2100-09-14 12:00:00,101086.171875
2100-09-15 12:00:00,101269.140625
2100-09-16 12:00:00,101294.8671875
2100-09-17 12:00:00,101273.859375
2100-09-18 12:00:00,101243.7109375
2100-09-19 12:00:00,101206.8515625
2100-09-20 12:00:00,101017.9921875
2100-09-21 12:00:00,100863.640625
2100-09-22 12:00:00,100982.921875
2100-09-23 12:00:00,101129.5546875
2100-09-24 12:00:00,101181.625
2100-09-25 12:00:00,101272.5703125
2100-09-26 12:00:00,101489.046875
2100-09-27 12:00:00,101663.546875
2100-09-28 12:00:00,101787.1015625
2100-09-29 12:00:00,101841.453125
2100-09-30 12:00:00,101780.6640625
2100-10-01 12:00:00,101769.1640625
2100-10-02 12:00:00,101808.9921875
2100-10-03 12:00:00,101839.046875
2100-10-04 12:00:00,101742.9453125
2100-10-05 12:00:00,101634.7578125
2100-10-06 12:00:00,101637.8359375
2100-10-07 12:00:00,101641.9375
2100-10-08 12:00:00,101634.703125
2100-10-09 12:00:00,101693.59375
2100-10-10 12:00:00,101844.625
2100-10-11 12:00:00,101923.09375
2100-10-12 12:00:00,101835.546875
2100-10-13 12:00:00,101756.9453125
2100-10-14 12:00:00,101802.0
2100-10-15 12:00:00,101814.359375
2100-10-16 12:00:00,101793.75
2100-10-17 12:00:00,101752.9140625
2100-10-18 12:00:00,101653.1171875
2100-10-19 12:00:00,101596.3046875
2100-10-20 12:00:00,101414.703125
2100-10-21 12:00:00,101528.03125
2100-10-22 12:00:00,101536.7890625
2100-10-23 12:00:00,101617.4140625
2100-10-24 12:00:00,101812.5859375
2100-10-25 12:00:00,101887.296875
2100-10-26 12:00:00,101891.2890625
2100-10-27 12:00:00,101910.21875
2100-10-28 12:00:00,101742.5703125
2100-10-29 12:00:00,101609.609375
2100-10-30 12:00:00,101606.75
2100-10-31 12:00:00,101792.8125
2100-11-01 12:00:00,101829.71875
2100-11-02 12:00:00,101833.390625
2100-11-03 12:00:00,101928.328125
2100-11-04 12:00:00,101970.734375
2100-11-05 12:00:00,102016.2421875
2100-11-06 12:00:00,102137.7109375
2100-11-07 12:00:00,102144.0625
2100-11-08 12:00:00,102121.6171875
2100-11-09 12:00:00,102108.2109375
2100-11-10 12:00:00,102065.890625
2100-11-11 12:00:00,101987.1875
2100-11-12 12:00:00,101930.765625
2100-11-13 12:00:00,101914.25
2100-11-14 12:00:00,101895.0859375
2100-11-15 12:00:00,102119.1953125
2100-11-16 12:00:00,102438.7265625
2100-11-17 12:00:00,102637.8828125
2100-11-18 12:00:00,102492.8671875
2100-11-19 12:00:00,102498.765625
2100-11-20 12:00:00,102638.9140625
2100-11-21 12:00:00,102733.578125
2100-11-22 12:00:00,102538.5625
2100-11-23 12:00:00,102310.453125
2100-11-24 12:00:00,102031.7421875
2100-11-25 12:00:00,101729.15625
2100-11-26 12:00:00,101867.5234375
2100-11-27 12:00:00,102036.1328125
2100-11-28 12:00:00,102239.5234375
2100-11-29 12:00:00,102287.6796875
2100-11-30 12:00:00,102158.3671875
2100-12-01 12:00:00,101784.6171875
2100-12-02 12:00:00,101449.2890625
2100-12-03 12:00:00,101470.203125
2100-12-04 12:00:00,101668.1171875
2100-12-05 12:00:00,101892.7265625
2100-12-06 12:00:00,102152.71875
2100-12-07 12:00:00,102542.9375
2100-12-08 12:00:00,102668.7734375
2100-12-09 12:00:00,102581.2109375
2100-12-10 12:00:00,102258.359375
2100-12-11 12:00:00,101827.90625
2100-12-12 12:00:00,101583.8984375
2100-12-13 12:00:00,102075.7578125
2100-12-14 12:00:00,102888.5
2100-12-15 12:00:00,102965.4609375
2100-12-16 12:00:00,102368.5625
2100-12-17 12:00:00,101666.828125
2100-12-18 12:00:00,101330.5234375
2100-12-19 12:00:00,101763.7734375
2100-12-20 12:00:00,102338.109375
2100-12-21 12:00:00,102215.3828125
2100-12-22 12:00:00,102201.6875
2100-12-23 12:00:00,102355.9296875
2100-12-24 12:00:00,102464.21875
2100-12-25 12:00:00,102572.25
2100-12-26 12:00:00,102640.8359375
2100-12-27 12:00:00,102516.3203125
2100-12-28 12:00:00,102636.8671875
2100-12-29 12:00:00,102441.703125
2100-12-30 12:00:00,102289.7578125
2100-12-31 12:00:00,102605.2578125
